nombre,precio_aliados,precio_sin_descuento,spot_price
Tv led 147 cms (58) uhd smart samsung 58 pulgadas smart tv un58tu8000,,$ 3.299.900,$ 1.899.900
Televisor samsung crystal 50 pulgadas uhd 4k smart tv 2020 - tu8000,,$ 2.599.900,$ 1.499.900
Televisor led samsung 32 pulgadas smart tv un32t4300,,$ 1.099.990,$ 689.990
Televisor led samsung 160 cms 65 pulgadas uhd smart un65tu7000,,$ 4.099.900,$ 2.299.900
Tv led 109 cms (43) uhd smart samsung 43 pulgadas smart tv un43tu8000,,$ 2.199.900,$ 1.349.900
Tv led 109 cms (43) fhd smart samsung 43 pulgadas smart tv un43t5300a,,$ 1.899.900,$ 1.199.900
Tv qled 139 cms (55) uhd smart samsung 55 pulgadas smart tv qn55q60tak,$ 1.899.570,$ 3.799.900,
Televisor led samsung 32 pulgadas hd smart tv 2020 - t4300,,$ 1.229.900,$ 799.900
Televisor samsung 43 full hd un43t5300 smart one remote,,$ 1.699.990,$ 999.900
Televisor lg 50 uhd 50un7300pdc smart tv led,,$ 2.400.000,$ 1.449.990
Televisor samsung 55 crystal uhd un55tu7000 smart one remote,,$ 3.999.900,$ 1.689.900
Televisor 43 pulgadas lg 43lm6300 fhd smart tv,,$ 2.200.000,$ 1.239.000
Televisor led caixun 43 pulgadas 109 cms uhd smart cx43s1usm,$ 799.858,$ 1.899.900,
Televisor led lg 32 pulgadas 80 cms 1366x768 hd 32lm630bpd,,$ 1.149.900,$ 799.900
Televisor led lg 108 cms 43 uhd smart 43un7300pd,$ 1.099.874,$ 2.399.900,
Televisor caixun led 80 cms 32 pulgadas hd b√°sico cx32f1,,$ 799.900,$ 463.900
Televisor led lg 123 cms 49 pulgadas uhd smart 49un7100pd,$ 1.300.002,$ 2.699.900,
Televisor samsung 43 tu6900 crystal uhd 4k smart tv,,$ 2.099.990,$ 1.159.900
Televisor lg 55 uhd 55un7310pdc led,,$ 3.099.900,$ 1.798.900
Televisor samsung 58pulgadas led 4k smart tv ultra hd un58tu7000kxzl,,$ 3.300.000,$ 1.898.000
Televisor samsung 65 crystal uhd 4k un65tu7000 smart one remote,,$ 3.599.900,$ 1.999.900
Soporte para tv de 32 a 55 pulgadas north bayou - negro,,$ 99.900,$ 54.900
Televisor lg 43 pulgadas 1920x1080 led full hd 43lm6300pd,,$ 1.649.900,$ 1.199.900
Tv led 109 cms (43) uhd smart hisense 43 pulgadas 43h6000fy,$ 939.753,$ 1.999.900,
Televisor led lg 177 cms 70 pulgadas uhd smart 70un7100pd,$ 2.380.102,$ 6.299.900,
Televisor led nanocell lg 139 cms 55 pulgadas 4k uhd smart tv 2020 55nano79dna,$ 1.899.962,$ 4.999.900,
Televisor led lg 164 cms 65 pulgadas uhd smart 65un7100pd,,$ 5.499.900,$ 2.099.900
Televisor led lg 108 cms 55 pulgadas uhd smart 55un7100,$ 1.499.939,$ 3.699.900,
Soporte fijo tv 32 pulgadas a 60 pulgadas sf60 soportv,,,$ 59.900
Monitor samsung ips de 22 full hd freesync 75hz hdmi f22t350,,$ 499.999,$ 398.999
Televisor samsung crystal 43 pulgadas tu7000 uhd 4k,,$ 2.100.000,$ 1.228.970
Roku premiere 4k hdr control remoto smart tv,,$ 280.000,$ 182.800
Soporte para tv de 14 hasta 55 pulgadas,,$ 49.900,$ 39.900
Google chromecast 3 ultima generacion dispositivo streaming,,$ 189.900,$ 159.900
Televisor led caixun 65 pulgadas 165 cms uhd 4k smart cx65n3usm,$ 1.629.959,$ 3.999.900,
Televisor led caixun 50 pulgadas 127 cms uhd smart cx50s1usm,,$ 2.799.900,$ 1.175.900
Tv led 189 cms (75) uhd smart samsung 75 pulgadas smart tv un75tu7000,,$ 6.999.900,$ 3.699.900
Tv led 101 cms (40) fhd smart hyundai 40 pulgadas hyled4021n,$ 872.863,$ 949.900,
Televisor led challenger 106 cms 43 pulgadas fhd smart 43tl49,,,$ 999.900
Televisor led 165 cms 65 pulgadas uhd smart caixun cx6519nusm,,$ 3.999.900,$ 1.699.900
Tv led 140 cms (55) uhd smart samsung 55 pulgadas smart tv un55tu8000,,$ 3.199.900,$ 1.899.900
Televisor led hisense 32 pulgadas 81 cms hd smart 32h5000fy,,$ 999.900,$ 629.937
Tv led 127 cms (50) uhd smart hisense 50 pulgadas 50h6000fy,$ 1.223.709,$ 2.399.900,
Televisor hisense led 136 cms 55 pulgadas uhd smart 55h6000fy,$ 1.349.680,$ 2.699.900,
Televisor led hisense 165cms 65 pulgadas uhd smart 65h6000fy,$ 1.749.465,$ 4.999.900,
Tv led 127 cms (50) uhd smart hyundai 50 pulgadas hyled5014n,$ 1.114.964,$ 1.699.900,
"Televisor samsung 43"" tu6900 crystal uhd 4k smart tv 2020 +barra de sonido hwt400",,$ 1.999.900,$ 1.349.900
"Televisor samsung 58"" (147 cm) crystal 4k uhd smart",,$ 2.319.000,$ 1.839.900
Monitor samsung ips de 24 full hd freesync 75hz hdmi f24t35,,$ 599.999,$ 519.999
Soporte extensible doble north bayou p6 nuevo para tv de 40 a 75,,$ 149.900,$ 94.900
Televisor 50 pulgadas 4k uhd smart tv-126cm serie f,,$ 1.999.900,$ 1.029.900
Monitor samsung 24 pulgadas curvo lc24f390fhlxzl,,$ 749.900,$ 579.999
Monitor samsung de 22 pulgadas led ls22f350fhlxzl,,$ 499.900,$ 388.593
Decodificador tdt usb+control+hdmi+rca sintonizador tv,,$ 69.900,$ 53.650
Soporte fijo de pared para televisores de 32 a 55 d2f,,$ 69.900,$ 27.890
Televisor led hyundai 140cms 55 pulgadas uhd smart hyled5519n.,$ 1.319.934,$ 1.999.900,
Televisor led hyundai 109cms 43 pulgadas fhd smart hyled4319n,$ 934.888,$ 1.299.900,
Televisor led aoc 80 cms 32 pulgadas hd le32m1570,,$ 642.700,$ 499.900
Televisor led lg 65 pulgadas 164 cms uhd smart 65um7650pd,,$ 4.549.900,$ 2.729.900
Televisor samsung crystal 85 pulgadas uhd 4k smart tv 2020 - tu8000,,$ 9.999.900,$ 5.999.900
Televisor led samsung 50 pulgadas uhd 4k smart tv serie 7.,,$ 2.699.900,$ 1.499.900
Televisor led challenger 80 cms 32 pulgadas hd smart,,,$ 599.900
"Televisor caixun 43"" led fhd smart tv- cx43s1fsm",,$ 1.119.000,$ 899.900
Televisor + barra samsung un43tu6900 crystal uhd smart tv 4k bluetooth,,$ 1.799.000,$ 1.439.900
Monitor samsung 22 f22t350fhl ips 75hz,,$ 489.999,$ 398.999
Televisor led caixun 80 cms 32 pulgadas hd smart cx32s1sm - caixun,,$ 1.299.900,$ 589.900
Monitor lg 22 pulgadas 22mk400h,,$ 399.999,$ 369.690
Tv box 4k convierte en smart tv android 7.1 ram 1gb rom 8gb,,$ 210.000,$ 102.800
Televisor virzo 50 pulgadas uhd 4k smart vz501uhd,,$ 1.579.900,$ 1.079.000
Televisor lg 65 pulgadas uhd 4k 65un7100 smart tv,,$ 3.200.000,$ 2.249.989
Monitor lg 34 34bk650-w ultrawide ips,,$ 1.699.999,$ 1.589.899
Televisor lg 60 pulgadas uhd 4k 60un7310 smart tv,,$ 2.999.900,$ 1.959.900
Monitor lg 32 ips full hd 32mn600p-b,,$ 899.000,$ 784.900
Monitor samsung 27 75hz ls27r350fhlxzl,,$ 889.900,$ 829.900
Monitor lg ultrawide 29 29wn600-w hdr ips,,$ 1.299.990,$ 1.106.895
Xiaomi mi box s 4k ultra hd android tv set top box,,$ 349.900,$ 299.900
Monitor lg led de 24 24mk430h full hd ips,,$ 599.999,$ 466.790
Soporte de pared tv 32-55 pulgadas north bayou nb p4,,$ 69.900,$ 53.900
Monitor samsung de 24 curvo lc24f390fhlxz,,$ 749.900,$ 579.999
Soporte tv movil de piso nb north bayou ava 1500 32 a 65,,$ 499.000,$ 399.900
Monitor lg ips de 24 full hd freesync 75hz hdmi 24mk430h-b,,$ 575.999,$ 466.790
Monitor lg ips gaming 24 pulgadas 24mp59g-p negro,,$ 799.990,$ 639.731
Soporte base tv montura pared movil televisor 14 - 55 pulg,,$ 69.900,$ 39.800
Soporte base para pared movil televisor tv 14 - 46 pulgadas,,$ 60.000,$ 35.900
Base de brazo pata tv hdl117b-2 de 14 hasta 55 pulgadas,,$ 79.900,$ 44.500
Televisor led caixun 75 pulgadas 189 cms uhd 4k smart cx75e1usm,,$ 5.999.900,$ 2.879.900
Televisor led caixun 40 pulgadas 102 cms fhd smart cx40n1fsm,,$ 1.599.900,$ 815.900
Televisor led caixun 147 cms 58 pulgadas 4k uhd cx58n3usm,,$ 3.399.900,$ 1.495.900
Tv led 147 cms (58) uhd smart hyundai 58 pulgadas hyled5805n,$ 1.499.925,$ 1.999.900,
Tv led 127cm (50 ) uhd smart,$ 1.014.840,$ 1.699.900,
Tv led 100 cms (40) fhd smart simply turn on 40 pulgadas syled406ix,,,$ 859.900
Monitor 21.5 pulgadas fhd hp 22yh,,$ 649.000,$ 376.420
"Tv qled 127 cms(50"") uhd smart samsung 50 pulgadas smart tv qn50q60tak",,$ 3.299.900,$ 1.999.900
"Tv led 140 cms (55"")uhd smart aoc 55 pulgadas 55u6295",,$ 2.399.900,$ 1.349.900
Monitor hp 21.5 pulgadas fhd 22f,,$ 549.000,$ 477.630
Monitor samsung 27 curvo fhd freesync c27r500 borde delgado,,$ 999.999,$ 867.699
Televisor 43 pulgadas samsung 43tu8000 led 4k-uhd smart tv,,$ 1.799.000,$ 1.279.000
"Xiaomi mi tv stick convertidor a smart tv - netflix, youtube, hbo",,$ 239.900,$ 199.900
